flanking_sequence,amino_acid,codon,pos,amino_acid_len,rel_amino_acid_pos
TGCTGGCGGGCAACGAATTCCAGGTGTCCCTGAGCAGCTC,Q,CAG,15,165,0.09091
CGGTGTCAGAGCTGAAGGCGCAGATCACCCAGAAGATCGG,Q,CAG,30,165,0.18182
AGCTGAAGGCGCAGATCACCCAGAAGATCGGCGTGCACGC,Q,CAG,33,165,0.2
AGATCGGCGTGCACGCCTTCCAGCAGCGTCTGGCTGTCCA,Q,CAG,41,165,0.24848
TCGGCGTGCACGCCTTCCAGCAGCGTCTGGCTGTCCACCC,Q,CAG,42,165,0.25455
ACCCGAGCGGTGTGGCGCTGCAGGACAGGGTCCCCCTTGC,Q,CAG,54,165,0.32727
ACAGGGTCCCCCTTGCCAGCCAGGGCCTGGGCCCCGGCAG,Q,CAG,62,165,0.37576
CCTACGAGGTACGGCTGACGCAGACCGTGGCCCACCTGAA,Q,CAG,101,165,0.61212
AGACCGTGGCCCACCTGAAGCAGCAAGTGAGCGGGCTGGA,Q,CAG,108,165,0.65455
CCGTGGCCCACCTGAAGCAGCAAGTGAGCGGGCTGGAGGG,Q,CAA,109,165,0.66061
TGAGCGGGCTGGAGGGTGTGCAGGACGACCTGTTCTGGCT,Q,CAG,117,165,0.70909
AGGGGAAGCCCCTGGAGGACCAGCTCCCGCTGGGGGAGTA,Q,CAG,133,165,0.80606
